<?xml version="1.0" encoding="utf-8"?>
<extension type="module"
           version="3.0"
           method="upgrade">
	<name>APP Market AJAX Module</name>
	<creationDate>January 17, 2014</creationDate>
	<author>TARUN KUMAR</author>
	<authorUrl>http://betweenbrain.com</authorUrl>
	<copyright>Copyright (C) 2013 betweenbrain llc. All rights reserved.</copyright>
	<license>GNU General Public License version 2, or later.</license>
	<version>3.0.1</version>
	<description>APP Market Module!</description>

	<files>
		<filename module="mod_app_market_ajax">mod_app_market_ajax.php</filename>
		<filename>helper.php</filename>
		<folder>tmpl</folder>
	</files>

	<config>
		<fields name="params">
			<fieldset
				name="advanced">
				<field
					name="layout"
					type="modulelayout"
					label="JFIELD_ALT_LAYOUT_LABEL"
					description="JFIELD_ALT_MODULE_LAYOUT_DESC" />
				<field
					name="moduleclass_sfx"
					type="textarea" rows="3"
					label="COM_MODULES_FIELD_MODULECLASS_SFX_LABEL"
					description="COM_MODULES_FIELD_MODULECLASS_SFX_DESC" />

				<field
					name="cache"
					type="list"
					default="0"
					label="COM_MODULES_FIELD_CACHING_LABEL"
					description="COM_MODULES_FIELD_CACHING_DESC">
					<option
						value="0">COM_MODULES_FIELD_VALUE_NOCACHING</option>
				</field>
			</fieldset>
		</fields>
	</config>
</extension>