<?xml version="1.0" encoding="utf-8"?>
<extension type="module" version="2.5.0" client="site" method="upgrade">
	<name>J-CategoryBanners</name>
	<creationDate>Octomber 2014</creationDate>
	<author>CMSJunkie</author>
	<copyright>(C) CMSJunkie. All rights reserved.</copyright>
	<license>http://www.gnu.org/copyleft/gpl.html</license>
	<authorEmail>info@cmsjunkie.com</authorEmail>
	<authorUrl>www.cmsjunkie.com</authorUrl>
	<version>1.0.0</version>
	<description>Link Joomla banners with directory categories. The name of
		Banner category must be the same with directory category</description>
	<files>
		<filename>mod_jcategorybanners.xml</filename>
		<filename module="mod_jcategorybanners">mod_jcategorybanners.php</filename>
		<filename>index.html</filename>
		<filename>helper.php</filename>
		<filename>tmpl/default.php</filename>
		<filename>tmpl/index.html</filename>
		<folder>galleria</folder>
		<folder>language</folder>
	</files>
	<languages>
		<language tag="en-GB">language/en-GB.mod_jcategorybanners.ini
		</language>
	</languages>
	<config>
		<fields name="params">
			<fieldset name="basic"
				addfieldpath="/administrator/components/com_banners/models/fields">
				<field name="width" type="text" default="1" label="Width"
					description="">
				</field>
				<field name="height" type="text" default="1" label="Height"
					description="">
				</field>
				<field name="slideshow" type="radio" default="1" label="Slideshow"
					description="Show images on slideshow">
					<option value="0">JNo</option>
					<option value="1">JYes</option>
				</field>
				<field name="slide_duration" type="text" default="3000"
					label="Slide Duration" description="The display time for each slide">
				</field>
				<field name="target" type="list" default="1"
					label="MOD_BANNERS_FIELD_TARGET_LABEL" description="MOD_BANNERS_FIELD_TARGET_DESC">
					<option value="0">JBROWSERTARGET_PARENT</option>
					<option value="1">JBROWSERTARGET_NEW</option>
					<option value="2">JBROWSERTARGET_POPUP</option>
				</field>
				<field name="count" type="integer" first="1" last="10" step="1"
					default="5" label="MOD_BANNERS_FIELD_COUNT_LABEL" description="MOD_BANNERS_FIELD_COUNT_DESC" />
				<field name="cid" type="bannerclient" label="MOD_BANNERS_FIELD_BANNERCLIENT_LABEL"
					description="MOD_BANNERS_FIELD_BANNERCLIENT_DESC" />
				<field name="tag_search" type="radio" class="btn-group"
					default="0" label="MOD_BANNERS_FIELD_TAG_LABEL" description="MOD_BANNERS_FIELD_TAG_DESC">
					<option value="0">JNO</option>
					<option value="1">JYES</option>
				</field>
				<field name="ordering" type="list" default="0"
					label="MOD_BANNERS_FIELD_RANDOMISE_LABEL" description="MOD_BANNERS_FIELD_RANDOMISE_DESC">
					<option value="0">MOD_BANNERS_VALUE_STICKYORDERING</option>
					<option value="random">MOD_BANNERS_VALUE_STICKYRANDOMISE</option>
				</field>
				<field name="header_text" type="textarea" filter="safehtml"
					rows="3" cols="40" label="MOD_BANNERS_FIELD_HEADER_LABEL"
					description="MOD_BANNERS_FIELD_HEADER_DESC" />
				<field name="footer_text" type="textarea" filter="safehtml"
					rows="3" cols="40" label="MOD_BANNERS_FIELD_FOOTER_LABEL"
					description="MOD_BANNERS_FIELD_FOOTER_DESC" />
			</fieldset>
			<fieldset name="advanced">
				<field name="layout" type="modulelayout" label="JFIELD_ALT_LAYOUT_LABEL"
					description="JFIELD_ALT_MODULE_LAYOUT_DESC" />
				<field name="moduleclass_sfx" type="text"
					label="COM_MODULES_FIELD_MODULECLASS_SFX_LABEL" description="COM_MODULES_FIELD_MODULECLASS_SFX_DESC" />
				<field name="cache" type="list" default="0"
					label="COM_MODULES_FIELD_CACHING_LABEL" description="COM_MODULES_FIELD_CACHING_DESC">
					<option value="1">JGLOBAL_USE_GLOBAL</option>
					<option value="0">COM_MODULES_FIELD_VALUE_NOCACHING</option>
				</field>
				<field name="cache_time" type="text" default="900"
					label="COM_MODULES_FIELD_CACHE_TIME_LABEL" description="COM_MODULES_FIELD_CACHE_TIME_DESC" />
			</fieldset>
		</fields>
	</config>
</extension>