<?xml version="1.0" encoding="utf-8"?><extension type="module" version="3.0.0" client="site" method="upgrade">	<name>JBusinessDirectory Search</name>	<creationDate>November 2011</creationDate>	<author>CMSJunkie</author>	<copyright>(C) CMSJunkie. All rights reserved.</copyright>	<license>http://www.gnu.org/copyleft/gpl.html</license>	<authorEmail>info@cmsjunkie.com</authorEmail>	<authorUrl>www.cmsjunkie.com</authorUrl>	<version>3.0.0</version>		<description>JBusinessDirectory</description>    <files>        <filename>mod_jbusinessdirectory.xml</filename>        <filename module="mod_jbusinessdirectory">mod_jbusinessdirectory.php</filename>        <filename>index.html</filename>        <filename>helper.php</filename>        <filename>tmpl/default.php</filename>        <filename>tmpl/index.html</filename>		<folder>assets</folder>		<folder>images</folder>    </files>		<config>		<fields name="params">			<fieldset name="basic" addfieldpath="/administrator/components/com_jbusinessdirectory/models/fields">				<field					name="title"					type="text"					label="Title"					description="Title of module" />							<field					name="description"					type="textarea"					label="Description"					description="Description of module" />									<field name="base-layout" type="list" default="standard" label="base Layout" 					description="Base layout">			  		 <option value="default">standard</option>   				</field>				<field name="layout-type" type="list" default="vertical" label="Layout type" 					description="How will module will be displayed, horizontal or vertical">						<option value="horizontal">horizontal</option>   						 <option value="vertical">vertical</option>				</field>								<field					name="mItemId"					type="text"					label="Menu item id"					description="The id of the menu item associated with search" />								<field					name="customAttributes"					type="customattributes"					multiple="true"					size="10"					default=""					label="Custom attributes"					description="Select the custom attributes you want to appear on search criterias" >				</field>								<field name="radius" type="list" default="50" label="Search filter distance" 					description="Set the filter disance from zip code location. Only business listings contained in the specified area will be displayed">						 <option value="0">All</option>   						 <option value="10">10</option>   						 <option value="25">25</option>   						 <option value="50">50</option>				</field>				<field name="showMap" type="radio" default="1" label="Show map"  description="" class="btn-group btn-group-yesno">				  <option value="0">No</option>				  <option value="1">Yes</option>				</field>							<field					name="mapHeight"					type="text"					default="450px"					label="Map height"					description="Height of the map" />				<field					name="mapWidth"					type="text"					default="100%"					label="Map width"					description="Width of the map" />				<field					name="maxListings"					type="text"					default="250"					label="Max listings"					description="Number of maximum listings to be displayed" />				<field name="showKeyword" type="radio" default="1" label="Show keyword" description="" class="btn-group btn-group-yesno">				  <option value="0">No</option>				  <option value="1">Yes</option>				</field>								<field name="mandatoryKeyword" type="radio" default="0" label="Mandatory keyword" description="Make keyword completion mandatory" class="btn-group btn-group-yesno">				  <option value="0">No</option>				  <option value="1">Yes</option>				</field>								<field name="showCategories" type="radio" default="1" label="Show categories" description="" class="btn-group btn-group-yesno">				  <option value="0">No</option>				  <option value="1">Yes</option>				</field>								<field name="mandatoryCategories" type="radio" default="0" label="Mandatory categories" description="Make categories selection mandatory" class="btn-group btn-group-yesno">				  <option value="0">No</option>				  <option value="1">Yes</option>				</field>								<field name="showSubCategories" type="radio" default="1" label="Show subcategories" description="" class="btn-group btn-group-yesno">				  <option value="0">No</option>				  <option value="1">Yes</option>				</field>								<field name="showTypes" type="radio" default="1" label="Show types" description="" class="btn-group btn-group-yesno">				  <option value="0">No</option>				  <option value="1">Yes</option>				</field>								<field name="mandatoryTypes" type="radio" default="0" label="Mandatory types" description="Make type selection mandatory" class="btn-group btn-group-yesno"> 				  <option value="0">No</option>				  <option value="1">Yes</option>				</field>								<field name="showCities" type="radio" default="1" label="Show cities" description="" class="btn-group btn-group-yesno">				  <option value="0">No</option>				  <option value="1">Yes</option>				</field>								<field name="mandatoryCities" type="radio" default="0" label="Mandatory cities" description="Make cities selection mandatory" class="btn-group btn-group-yesno">				  <option value="0">No</option>				  <option value="1">Yes</option>				</field>								<field name="showRegions" type="radio" default="0" label="Show regions" description="" class="btn-group btn-group-yesno">				  <option value="0">No</option>				  <option value="1">Yes</option>				</field>								<field name="mandatoryRegions" type="radio" default="0" label="Mandatory regions" description="Make countries selection mandatory" class="btn-group btn-group-yesno">				  <option value="0">No</option>				  <option value="1">Yes</option>				</field>								<field name="showCountries" type="radio" default="0" label="Show countries" description="" class="btn-group btn-group-yesno">				  <option value="0">No</option>				  <option value="1">Yes</option>				</field>								<field name="mandatoryCountries" type="radio" default="0" label="Mandatory countries" description="Make countries selection mandatory" class="btn-group btn-group-yesno">				  <option value="0">No</option>				  <option value="1">Yes</option>				</field>								<field name="showZipcode" type="radio" default="1" label="Show Zipcode" description="" class="btn-group btn-group-yesno">				  <option value="0">No</option>				  <option value="1">Yes</option>				</field>								<field name="mandatoryZipCode" type="radio" default="0" label="Mandatory zip code" description="Make zip code mandatory" class="btn-group btn-group-yesno">				  <option value="0">No</option>				  <option value="1">Yes</option>				</field>								<field name="autocomplete" type="radio" default="0" label="Enable autocomplete" description="" class="btn-group btn-group-yesno">				  <option value="0">No</option>				  <option value="1">Yes</option>				</field>								<field name="preserve" type="radio" default="1" label="Preserve search values" description="Preserve search values that have been entered by the user" class="btn-group btn-group-yesno">				  <option value="0">No</option>				  <option value="1">Yes</option>				</field>							</fieldset>									<fieldset name="advanced">				<field					name="moduleclass_sfx"					type="text"					label="COM_MODULES_FIELD_MODULECLASS_SFX_LABEL"					description="COM_MODULES_FIELD_MODULECLASS_SFX_DESC" />				<field					name="cache"					type="list"					default="1"					label="COM_MODULES_FIELD_CACHING_LABEL"					description="COM_MODULES_FIELD_CACHING_DESC">					<option						value="1">JGLOBAL_USE_GLOBAL</option>					<option						value="0">COM_MODULES_FIELD_VALUE_NOCACHING</option>				</field>				<field					name="cache_time"					type="text"					default="900"					label="COM_MODULES_FIELD_CACHE_TIME_LABEL"					description="COM_MODULES_FIELD_CACHE_TIME_DESC" />			</fieldset>		</fields>	</config></extension>