<?xml version="1.0" encoding="utf-8"?><!--
/**
 * @copyright	Copyright © 2016 - All rights reserved.
 * @license		GNU General Public License v2.0
 * @generator	http://xdsoft/joomla-module-generator/
 */
-->
<extension type="module" method="upgrade" client="site">
	<name>MOD_PROJECT_STATUS</name>
	<creationDate>Jan 2016</creationDate>
	<author>Shobhit Pokhriyal</author>
	<authorEmail>shobhit.pokhriyal@emptask.com</authorEmail>
	<authorUrl>http://www.appmeadows.com</authorUrl>
	<copyright>Copyright © 2016 - All rights reserved.</copyright>
	<license>GNU General Public License v2.0</license>
	<version>0.0.1</version>
	<description>MOD_PROJECT_STATUS_DESCRIPTION</description>
	<files>
		<filename module="mod_project_status">mod_project_status.php</filename>
		<filename>mod_project_status.xml</filename>
		<filename>index.html</filename>
		<folder>language</folder>
		<folder>tmpl</folder>
		<folder>assets</folder>
	</files>
	<config>
		<fields name="params">
			<fieldset
				name="advanced">
				<field
					name="layout"
					type="modulelayout"
					label="JFIELD_ALT_LAYOUT_LABEL"
					description="JFIELD_ALT_MODULE_LAYOUT_DESC" />

				<field
					name="moduleclass_sfx"
					type="textarea" rows="3"
					label="COM_MODULES_FIELD_MODULECLASS_SFX_LABEL"
					description="COM_MODULES_FIELD_MODULECLASS_SFX_DESC" />

					<field
					name="project_id"
					type="textarea" rows="3"
					label="PROJECT_ID"
					description="PROJECT_ID" />
				<field
					name="cache"
					type="list"
					default="1"
					label="COM_MODULES_FIELD_CACHING_LABEL"
					description="COM_MODULES_FIELD_CACHING_DESC">
					<option
						value="1">JGLOBAL_USE_GLOBAL</option>
					<option
						value="0">COM_MODULES_FIELD_VALUE_NOCACHING</option>
				</field>

				<field
					name="cache_time"
					type="text"
					default="900"
					label="COM_MODULES_FIELD_CACHE_TIME_LABEL"
					description="COM_MODULES_FIELD_CACHE_TIME_DESC" />
				<field
					name="cachemode"
					type="hidden"
					default="static">
					<option
						value="static"></option>
				</field>
			</fieldset>
			<fieldset name="color" label="MOD_COLOR" description="MOD_COLOR_FIELDSET_DESCRIPTION">
			</fieldset>
		</fields>


	</config> 
	<languages folder="language">
		<language tag="en-GB">en-GB/en-GB.mod_project_status.sys.ini</language>
		<language tag="en-GB">en-GB/en-GB.mod_project_status.ini</language>
		<language tag="ru-RU">ru-RU/ru-RU.mod_project_status.sys.ini</language>
		<language tag="ru-RU">ru-RU/ru-RU.mod_project_status.ini</language>
	</languages>
</extension>